size,block_x,block_y,t_avg
512,8,32,0.051213
512,16,16,0.050904
512,32,8,0.050590
512,32,16,0.048100
1024,8,32,0.152106
1024,16,16,0.158307
1024,32,8,0.149676
1024,32,16,0.150233
2048,8,32,0.604062
2048,16,16,0.594140
2048,32,8,0.594851
2048,32,16,0.595997
4096,8,32,2.423494
4096,16,16,2.375615
4096,32,8,2.377747
4096,32,16,2.378126
