size,device,t_avg
256,CPU,19.479058
512,CPU,77.894680
1024,CPU,311.570571
2048,CPU,1246.534917
4096,CPU,4992.587031
