size,device,t_avg
256,GPU,0.016996
512,GPU,0.050839
1024,GPU,0.154217
2048,GPU,0.594260
4096,GPU,2.357047
