size,memory_mode,t_avg
256,GLOBAL,0.016992
256,SHARED,0.009588
512,GLOBAL,0.050779
512,SHARED,0.027361
1024,GLOBAL,0.154643
1024,SHARED,0.087660
2048,GLOBAL,0.594342
2048,SHARED,0.354649
4096,GLOBAL,2.368430
4096,SHARED,1.413549
