size,t_global_avg,t_shared_avg,speedup_shared_vs_global
256,0.016992,0.009588,1.772215
512,0.050779,0.027361,1.855890
1024,0.154643,0.087660,1.764123
2048,0.594342,0.354649,1.675860
4096,2.368430,1.413549,1.675520
