size,block_x,block_y,t_avg
512,8,32,0.040212
512,16,16,0.027493
512,32,8,0.029014
512,32,16,0.029200
1024,8,32,0.119117
1024,16,16,0.094293
1024,32,8,0.087860
1024,32,16,0.087664
2048,8,32,0.473021
2048,16,16,0.352691
2048,32,8,0.354624
2048,32,16,0.352341
4096,8,32,1.879017
4096,16,16,1.419096
4096,32,8,1.426292
4096,32,16,1.422633
